"id","title","sku","price_usd","category","tags","created_at"
33184,"MONO Classic Acoustic/Dreadnought Guitar Case, Black","M80-AD-BLK",229.99,"Acoustic Guitar Cases & Gig Bags","Cases & Gig Bags","2017-10-26T02:57:14.000Z"
33186,"MONO Vertigo Electric Guitar Case, Black","M80-VEG-BLK",249.99,"Electric Guitar Cases & Gig Bags","Cases & Gig Bags","2017-10-26T02:57:14.000Z"
33187,"MONO Classic Electric Guitar Case, Black","M80-EG-BLK",229.99,"Electric Guitar Cases & Gig Bags","Cases & Gig Bags","2017-10-26T02:57:14.000Z"
34589,"MONO Vertigo Electric Guitar Case, Grey","M80-VEG-GRY",249.99,"Electric Guitar Cases & Gig Bags","Cases & Gig Bags","2017-10-26T02:57:14.000Z"
34590,"MONO Vertigo Bass Guitar Case, Black","M80-VEB-BLK",249.99,"Bass Guitar Cases & Gig Bags","Cases & Gig Bags","2017-10-26T02:57:14.000Z"
34591,"MONO Vertigo Bass Guitar Case, Grey","M80-VEB-GRY",249.99,"Bass Guitar Cases & Gig Bags","Cases & Gig Bags","2017-10-26T02:57:14.000Z"
34676,"MONO Classic OM/Classical Guitar Case, Black","M80-AC-BLK",229.99,"Acoustic Guitar Cases & Gig Bags","Cases & Gig Bags","2017-10-26T02:57:14.000Z"
34677,"MONO Vertigo Semi-Hollow Guitar Case, Black","M80-VHB-BLK",249.99,"Electric Guitar Cases & Gig Bags","Cases & Gig Bags","2017-10-26T02:57:14.000Z"
34678,"MONO Classic Dual Electric Guitar Case, Black","M80-2G-BLK",329.99,"Electric Guitar Cases & Gig Bags","Cases & Gig Bags","2017-10-26T02:57:14.000Z"
34679,"MONO Classic Dual Bass Guitar Case, Black","M80-2B-BLK",329.99,"Bass Guitar Cases & Gig Bags","Cases & Gig Bags","2017-10-26T02:57:14.000Z"
34680,"MONO Classic Tick Accessory Case, Black","M80-TK1-BLK",89.99,"Pedals & Pedalboards Cases & Gig Bags","Cases & Gig Bags","2017-10-26T02:57:14.000Z"
34681,"MONO Classic Tick Accessory Case, Grey","M80-TK1-GRY",89.99,"Pedals & Pedalboards Cases & Gig Bags","Cases & Gig Bags","2017-10-26T02:57:14.000Z"
34682,"MONO Classic Club Pedalboard Case, Black","M80-PB1-BLK",149.99,"Pedals & Pedalboards Cases & Gig Bags","Cases & Gig Bags","2017-10-26T02:57:14.000Z"
34683,"MONO Classic Tour Pedalboard Case, Black","M80-PB2-BLK",169.99,"Pedals & Pedalboards Cases & Gig Bags","Cases & Gig Bags","2017-10-26T02:57:14.000Z"
34684,"MONO Classic Pro Pedalboard Case, Black","M80-PB3-BLK",199.99,"Pedals & Pedalboards Cases & Gig Bags","Cases & Gig Bags","2017-10-26T02:57:14.000Z"
34685,"MONO Classic Concert Ukulele Case, Black","M80-UC-BLK",149.99,"Ukulele Cases & Gig Bags","Cases & Gig Bags","2017-10-26T02:57:14.000Z"
34686,"MONO Classic Tenor Ukulele Case, Black","M80-UT-BLK",149.99,"Ukulele Cases & Gig Bags","Cases & Gig Bags","2017-10-26T02:57:14.000Z"
34687,"MONO Vertigo Keyboard 61 Case, Black","M80-K61-BLK",229.99,"Keyboard Cases & Gig Bags","Cases & Gig Bags","2017-10-26T02:57:14.000Z"
34688,"MONO Cymbal Case 22"", Black","M80-CY22-BLK",189.99,"Drum & Percussion Cases & Gig Bags","Cases & Gig Bags","2017-10-26T02:57:14.000Z"
34689,"MONO Double Pedal Case, Black","M80-DP-BLK",149.99,"Drum & Percussion Cases & Gig Bags","Cases & Gig Bags","2017-10-26T02:57:14.000Z"
34690,"MONO Snare Case, Black","M80-SN-BLK",149.99,"Drum & Percussion Cases & Gig Bags","Cases & Gig Bags","2017-10-26T02:57:14.000Z"
34691,"MONO Studio Stick Case, Black","M80-ST-BLK",79.99,"Drum & Percussion Cases & Gig Bags","Cases & Gig Bags","2017-10-26T02:57:14.000Z"
34692,"MONO Shogun Stick Case, Black","M80-SS-BLK",49.99,"Drum & Percussion Cases & Gig Bags","Cases & Gig Bags","2017-10-26T02:57:14.000Z"
34693,"MONO Betty Guitar Strap, Long, Black","M80-BTY-BLK-L",49.99,"Guitar Straps","Accessories","2017-10-26T02:57:14.000Z"
34694,"MONO Betty Guitar Strap, Long, Ash","M80-BTY-ASH-L",49.99,"Guitar Straps","Accessories","2017-10-26T02:57:14.000Z"
34695,"MONO Betty Guitar Strap, Short, Black","M80-BTY-BLK-S",49.99,"Guitar Straps","Accessories","2017-10-26T02:57:14.000Z"
34696,"MONO Betty Guitar Strap, Short, Ash","M80-BTY-ASH-S",49.99,"Guitar Straps","Accessories","2017-10-26T02:57:14.000Z"
34697,"MONO Doolittle Guitar Strap, True Black","M80-DLT-BLK",39.99,"Guitar Straps","Accessories","2017-10-26T02:57:14.000Z"
34698,"MONO Doolittle Guitar Strap, Dolphin Grey","M80-DLT-GRY",39.99,"Guitar Straps","Accessories","2017-10-26T02:57:14.000Z"
34699,"MONO Doolittle Guitar Strap, Arctic White","M80-DLT-WHT",39.99,"Guitar Straps","Accessories","2017-10-26T02:57:14.000Z"
34700,"MONO Warsaw Guitar Strap, Manta Black","M80-WAR-BLK",39.99,"Guitar Straps","Accessories","2017-10-26T02:57:14.000Z"
34701,"MONO Warsaw Guitar Strap, Platinum Grey","M80-WAR-GRY",39.99,"Guitar Straps","Accessories","2017-10-26T02:57:14.000Z"
34702,"MONO Classic Kontroller Messenger Bag, Black","EFX-KLR-BLK",229.99,"DJ Equipment Cases & Gig Bags","Cases & Gig Bags","2017-10-26T02:57:14.000Z"
34703,"MONO Classic 365 Backpack, Black","EFX-365-BLK",229.99,"DJ Equipment Cases & Gig Bags","Cases & Gig Bags","2017-10-26T02:57:14.000Z"
34704,"MONO Classic Kondensor Messenger Bag, Black","EFX-KON-BLK",169.99,"DJ Equipment Cases & Gig Bags","Cases & Gig Bags","2017-10-26T02:57:14.000Z"
34705,"MONO Classic Producer Messenger Bag, Black","EFX-PDR-BLK",169.99,"DJ Equipment Cases & Gig Bags","Cases & Gig Bags","2017-10-26T02:57:14.000Z"
34706,"MONO Classic Fader Messenger Bag, Black","EFX-FAD-BLK",169.99,"DJ Equipment Cases & Gig Bags","Cases & Gig Bags","2017-10-26T02:57:14.000Z"
34707,"MONO Die Cut Wallet, Black","CVL-DCW-BLK",49.99,"Gifts","Lifestyle & Gifts","2017-10-26T02:57:14.000Z"
34708,"MONO Die Cut Wallet, Ash","CVL-DCW-ASH",49.99,"Gifts","Lifestyle & Gifts","2017-10-26T02:57:14.000Z"
34709,"MONO Passport Wallet, Jet Black","CVL-PPW-BLK",59.99,"Gifts","Lifestyle & Gifts","2017-10-26T02:57:14.000Z"
34710,"MONO Passport Wallet, Gloss White","CVL-PPW-WHT",59.99,"Gifts","Lifestyle & Gifts","2017-10-26T02:57:14.000Z"
34711,"MONO Loop Laptop Sleeve 13"", Black","CVL-LLT-13-BLK",49.99,"Gifts","Lifestyle & Gifts","2017-10-26T02:57:14.000Z"
34712,"MONO Loop Laptop Sleeve 13"", Ash","CVL-LLT-13-ASH",49.99,"Gifts","Lifestyle & Gifts","2017-10-26T02:57:14.000Z"
34713,"MONO Loop Laptop Sleeve 13"", White","CVL-LLT-13-WHT",49.99,"Gifts","Lifestyle & Gifts","2017-10-26T02:57:14.000Z"
34714,"MONO Loop Laptop Sleeve 15"", Black","CVL-LLT-15-BLK",49.99,"Gifts","Lifestyle & Gifts","2017-10-26T02:57:14.000Z"
34715,"MONO Loop Laptop Sleeve 15"", Ash","CVL-LLT-15-ASH",49.99,"Gifts","Lifestyle & Gifts","2017-10-26T02:57:14.000Z"
34716,"MONO Loop Laptop Sleeve 15"", White","CVL-LLT-15-WHT",49.99,"Gifts","Lifestyle & Gifts","2017-10-26T02:57:14.000Z"
34717,"MONO Loop Laptop Sleeve 17"", Black","CVL-LLT-17-BLK",49.99,"Gifts","Lifestyle & Gifts","2017-10-26T02:57:14.000Z"
34718,"MONO Loop iPad Sleeve, Black","CVL-LPD-BLK",39.99,"Gifts","Lifestyle & Gifts","2017-10-26T02:57:14.000Z"
34719,"MONO Loop iPad Sleeve, Ash","CVL-LPD-ASH",39.99,"Gifts","Lifestyle & Gifts","2017-10-26T02:57:14.000Z"
34720,"MONO Loop iPad Sleeve, White","CVL-LPD-WHT",39.99,"Gifts","Lifestyle & Gifts","2017-10-26T02:57:14.000Z"
34721,"MONO Expander Backpack, Black","CVL-XPK-BLK",129.99,"DJ Equipment Cases & Gig Bags","Cases & Gig Bags","2017-10-26T02:57:14.000Z"
34722,"MONO Classic FlyBy Backpack, Black","EFX-FLY-BLK",229.99,"DJ Equipment Cases & Gig Bags","Cases & Gig Bags","2017-10-26T02:57:14.000Z"
35256,"MONO Classic Bass Guitar Case, Black","M80-EB-BLK",229.99,"Bass Guitar Cases & Gig Bags","Cases & Gig Bags","2017-10-26T02:57:14.000Z"
35687,"MONO Sleeve Electric Guitar Case, Black","M80-SEG-BLK",149.99,"Electric Guitar Cases & Gig Bags","Cases & Gig Bags","2017-10-26T02:57:14.000Z"
35688,"MONO Sleeve Electric Guitar Case, Ash","M80-SEG-ASH",149.99,"Electric Guitar Cases & Gig Bags","Cases & Gig Bags","2017-10-26T02:57:14.000Z"
35689,"MONO Sleeve Bass Guitar Case, Black","M80-SEB-BLK",149.99,"Bass Guitar Cases & Gig Bags","Cases & Gig Bags","2017-10-26T02:57:14.000Z"
35690,"MONO Sleeve Bass Guitar Case, Ash","M80-SEB-ASH",149.99,"Bass Guitar Cases & Gig Bags","Cases & Gig Bags","2017-10-26T02:57:14.000Z"
36970,"MONO Vertigo Acoustic Guitar Case, Black","M80-VAD-BLK",249.99,"Acoustic Guitar Cases & Gig Bags","Cases & Gig Bags","2017-10-26T02:57:14.000Z"
39985,"MONO Sleeve Acoustic Guitar Case, Black","M80-SAD-BLK",179.99,"Acoustic Guitar Cases & Gig Bags","Cases & Gig Bags","2017-10-26T02:57:14.000Z"
39986,"MONO Sleeve Acoustic Guitar Case, Ash","M80-SAD-ASH",179.99,"Acoustic Guitar Cases & Gig Bags","Cases & Gig Bags","2017-10-26T02:57:14.000Z"
39987,"MONO Classic Dual Acoustic/Electric Guitar Case, Black","M80-2A-BLK",329.99,"Electric Guitar Cases & Gig Bags","Cases & Gig Bags","2017-10-26T02:57:14.000Z"
43874,"MONO Classic Acoustic Parlor Guitar Case, Black","M80-AP-BLK",199.99,"Acoustic Guitar Cases & Gig Bags","Cases & Gig Bags","2017-10-26T02:57:14.000Z"
44674,"MONO Doolittle Guitar Strap, Brown Sugar","M80-DLT-BRN",39.99,"Guitar Straps","Accessories","2017-10-26T02:57:14.000Z"
45968,"MONO Classic Fader Messenger Bag, Grey","EFX-FAD-GRY",169.99,"DJ Equipment Cases & Gig Bags","Cases & Gig Bags","2017-10-26T02:57:14.000Z"
47158,"MONO Classic Tick Accessory Case 2.0, Black","M80-TICK-V2-BLK",89.99,"Pedals & Pedalboards Cases & Gig Bags","Cases & Gig Bags","2017-10-26T02:57:14.000Z"
48141,"MONO Pedalboard Large, Black","PFX-PB-L-BLK",269.99,"Pedalboards","Pedals & Pedalboards","2017-10-26T02:57:14.000Z"
48142,"MONO Pedalboard Large, Silver","PFX-PB-L-SLV",269.99,"Pedalboards","Pedals & Pedalboards","2017-10-26T02:57:14.000Z"
48143,"MONO Pedalboard Medium, Black","PFX-PB-M-BLK",219.99,"Pedalboards","Pedals & Pedalboards","2017-10-26T02:57:14.000Z"
48144,"MONO Pedalboard Medium, Silver","PFX-PB-M-SLV",219.99,"Pedalboards","Pedals & Pedalboards","2017-10-26T02:57:14.000Z"
48145,"MONO Pedalboard Small, Black","PFX-PB-S-BLK",179.99,"Pedalboards","Pedals & Pedalboards","2017-10-26T02:57:14.000Z"
48146,"MONO Pedalboard Small, Silver","PFX-PB-S-SLV",179.99,"Pedalboards","Pedals & Pedalboards","2017-10-26T02:57:14.000Z"
48147,"MONO Pedalboard Lite+, Black","PFX-PB-LP-BLK",129.99,"Pedalboards","Pedals & Pedalboards","2017-10-26T02:57:14.000Z"
48148,"MONO Pedalboard Lite+, Silver","PFX-PB-LP-SLV",129.99,"Pedalboards","Pedals & Pedalboards","2017-10-26T02:57:14.000Z"
48149,"MONO Classic Tick Accessory Case 2.0, Grey","M80-TICK-V2-GRY",89.99,"Pedals & Pedalboards Cases & Gig Bags","Cases & Gig Bags","2017-10-26T02:57:14.000Z"
48150,"MONO Pro Accessory Case 2.0, Black","M80-PRO-V2-BLK",199.99,"Pedals & Pedalboards Cases & Gig Bags","Cases & Gig Bags","2017-10-26T02:57:14.000Z"
48151,"MONO Club Accessory Case 2.0, Black","M80-CLUB-V2-BLK",149.99,"Pedals & Pedalboards Cases & Gig Bags","Cases & Gig Bags","2017-10-26T02:57:14.000Z"
48152,"MONO Tour Accessory Case 2.0, Black","M80-TOUR-V2-BLK",169.99,"Pedals & Pedalboards Cases & Gig Bags","Cases & Gig Bags","2017-10-26T02:57:14.000Z"
48153,"MONO Cymbal Case 22"", Ash","M80-CY22-ASH",189.99,"Drum & Percussion Cases & Gig Bags","Cases & Gig Bags","2017-10-26T02:57:14.000Z"
48154,"MONO Studio Stick Case, Ash","M80-ST-ASH",79.99,"Drum & Percussion Cases & Gig Bags","Cases & Gig Bags","2017-10-26T02:57:14.000Z"
48155,"MONO Pedalboard Lite, Black","PFX-PB-LT-BLK",109.99,"Pedalboards","Pedals & Pedalboards","2017-10-26T02:57:14.000Z"
48156,"MONO Pedalboard Lite, Silver","PFX-PB-LT-SLV",109.99,"Pedalboards","Pedals & Pedalboards","2017-10-26T02:57:14.000Z"
51849,"MONO Cymbal Case 24"", Black","M80-CY24-BLK",209.99,"Drum & Percussion Cases & Gig Bags","Cases & Gig Bags","2018-02-01T02:03:39.000Z"
51850,"MONO Cymbal Case 24"", Ash","M80-CY24-ASH",209.99,"Drum & Percussion Cases & Gig Bags","Cases & Gig Bags","2018-02-01T02:03:39.000Z"
53942,"MONO Stealth Electric Guitar Case, Black","M80-STEG-BLK",199.99,"Electric Guitar Cases & Gig Bags","Cases & Gig Bags","2018-05-31T18:01:09.000Z"
53943,"MONO Vertigo Concert Ukulele Case, Black","M80-VUC-BLK",169.99,"Ukulele Cases & Gig Bags","Cases & Gig Bags","2018-05-31T18:01:09.000Z"
53944,"MONO Vertigo Tenor Ukulele Case, Black","M80-VUT-BLK",169.99,"Ukulele Cases & Gig Bags","Cases & Gig Bags","2018-05-31T18:01:09.000Z"
55531,"MONO Stealth Bass Guitar Case, Black","M80-STEB-BLK",199.99,"Bass Guitar Cases & Gig Bags","Cases & Gig Bags","2018-06-28T00:43:55.000Z"
55532,"MONO Pedalboard Accessories Kit, Black","PFX-PB-ACC-KIT",29.99,"Pedalboards","Accessories","2018-06-28T00:43:55.000Z"
55533,"MONO Pedalboard Rise, Black","PFX-PB-R-BLK",29.99,"Pedalboards","Pedals & Pedalboards","2018-06-28T00:43:55.000Z"
55534,"MONO Pedalboard Rise, Silver","PFX-PB-R-SLV",29.99,"Pedalboards","Pedals & Pedalboards","2018-06-28T00:43:55.000Z"
55535,"MONO Pedalboard Rise+, Black","PFX-PB-RP-BLK",39.99,"Pedalboards","Pedals & Pedalboards","2018-06-28T00:43:55.000Z"
55536,"MONO Pedalboard Rise+, Silver","PFX-PB-RP-SLV",39.99,"Pedalboards","Pedals & Pedalboards","2018-06-28T00:43:55.000Z"
253905,"MONO Tear-Aid Fabric Repair Kit","TEAR-AID",0.01,"Spareparts","Accessories","2018-10-31T00:45:37.000Z"
267644,"MONO M80 Tour Tag","M80-TT-BLK",0.01,"Gifts","Lifestyle & Gifts","2018-11-19T20:29:02.000Z"
267645,"MONO Side-release Buckle Small","SRB-S-BLK",0.01,"Spareparts","Accessories","2018-11-19T20:29:02.000Z"
267646,"MONO Tick Extender Black","TEX-BLK",0.01,"Spareparts","Accessories","2018-11-19T20:29:02.000Z"
267647,"MONO Strap Clip Large","WCS-L-BLK",0.01,"Spareparts","Accessories","2018-11-19T20:29:02.000Z"
267648,"MONO Strap Clip Medium","WCS-M-BLK",0.01,"Spareparts","Accessories","2018-11-19T20:29:02.000Z"
267649,"MONO Strap Clip Small","WCS-S-BLK",0.01,"Spareparts","Accessories","2018-11-19T20:29:02.000Z"
267650,"MONO Zipper Pull Large Metal","ZP1-L-BLK",0.01,"Spareparts","Accessories","2018-11-19T20:29:02.000Z"
267651,"MONO Zipper Pull Small Metal","ZP1-S-BLK",0.01,"Spareparts","Accessories","2018-11-19T20:29:02.000Z"
267652,"MONO Zipper Pull Large Hypalon","ZP2-L-BLK",0.01,"Spareparts","Accessories","2018-11-19T20:29:03.000Z"
274690,"MONO Classic Jumbo Acoustic Guitar Case, Black","M80-JA-BLK",269.99,"Acoustic Guitar Cases & Gig Bags","Cases & Gig Bags","2018-12-31T07:15:33.000Z"
444572,"MONO Loop Laptop Sleeve 17"", White","CVL-LLT-17-WHT",49.99,"Gifts","Lifestyle & Gifts","2019-03-28T01:18:00.000Z"
591988,"MONO Pedalboard Large, Black and Pro Accessory Case 2.0, Black","PFX-PB-L-BLK-BDL",269.99,"Pedalboards","Cases & Gig Bags,Pedals & Pedalboards","2019-05-12T22:30:50.000Z"
591989,"MONO Pedalboard Large, Silver and Pro Accessory Case 2.0, Black","PFX-PB-L-SLV-BDL",269.99,"Pedalboards","Cases & Gig Bags,Pedals & Pedalboards","2019-05-12T22:30:50.000Z"
591990,"MONO Pedalboard Medium, Black and Tour Accessory Case 2.0, Black","PFX-PB-M-BLK-BDL",219.99,"Pedalboards","Cases & Gig Bags,Pedals & Pedalboards","2019-05-12T22:30:50.000Z"
591991,"MONO Pedalboard Medium, Silver and Tour Accessory Case 2.0, Black","PFX-PB-M-SLV-BDL",219.99,"Pedalboards","Cases & Gig Bags,Pedals & Pedalboards","2019-05-12T22:30:50.000Z"
591992,"MONO Pedalboard Small, Black and Club Accessory Case 2.0, Black","PFX-PB-S-BLK-BDL",179.99,"Pedalboards","Cases & Gig Bags,Pedals & Pedalboards","2019-05-12T22:30:50.000Z"
591993,"MONO Pedalboard Small, Silver and Club Accessory Case 2.0, Black","PFX-PB-S-SLV-BDL",179.99,"Pedalboards","Cases & Gig Bags,Pedals & Pedalboards","2019-05-12T22:30:50.000Z"
861944,"MONO Stealth Alias Backpack, Black","M80-STAB-BLK",149.99,"DJ Equipment Cases & Gig Bags","Cases & Gig Bags","2019-06-25T18:45:53.000Z"
861946,"MONO Stealth Relay Messenger Bag, Black","M80-STRM-BLK",129.99,"DJ Equipment Cases & Gig Bags","Cases & Gig Bags","2019-06-25T18:45:53.000Z"
2613601,"MONO Studio Monitor Stands, Black","PFX-SMS-BLK",199.99,"Speaker Stands","Accessories","2020-01-09T19:16:17.000Z"
2613602,"MONO Studio Monitor Stands, Silver","PFX-SMS-SLV",199.99,"Speaker Stands","Accessories","2020-01-09T19:16:17.000Z"
2667170,"MONO Pedalboard Carbon Large and Pro Accessory Case 2.0, Black ","PFX-PBC-L-SLV-BDL",499.99,"Pedalboards","Cases & Gig Bags,Pedals & Pedalboards","2020-01-14T18:48:13.000Z"
2667171,"MONO Pedalboard Carbon Medium and Tour Accessory Case 2.0, Black","PFX-PBC-M-SLV-BDL",399.99,"Pedalboards","Cases & Gig Bags,Pedals & Pedalboards","2020-01-14T18:48:13.000Z"
2667172,"MONO Pedalboard Carbon Small and Club Accessory Case 2.0, Black","PFX-PBC-S-SLV-BDL",299.99,"Pedalboards","Cases & Gig Bags,Pedals & Pedalboards","2020-01-14T18:48:13.000Z"
3268713,"MONO Vertigo Electric Guitar Case, Camouflage","M80-VEG-CAM",269.99,"Electric Guitar Cases & Gig Bags","Cases & Gig Bags","2020-05-18T22:16:51.000Z"
3769692,"MONO M80 Classic Flyby Ultra Backpack, Black","M80-FLY-ULT-BLK",299.99,"DJ Equipment Cases & Gig Bags","Cases & Gig Bags","2020-07-22T20:16:48.000Z"
1,"Pedalboard Large, Black + Pro Accessory Case 2.0, Black","PFX-PB-L-BLK",269.99,"Pedalboards","Pedals & Pedalboards","2017-01-01T00:00:00.000Z"
2,"Pedalboard Large, Silver + Pro Accessory Case 2.0, Black","PFX-PB-L-SLV",269.99,"Pedalboards","Cases & Gig Bags,Pedals & Pedalboards","2017-01-01T00:00:00.000Z"
3,"Pedalboard Medium, Black + Tour Accessory Case 2.0, Black","PFX-PB-M-BLK",219.99,"Pedalboards","Cases & Gig Bags,Pedals & Pedalboards","2017-01-01T00:00:00.000Z"
11,"Pedalboard Medium, Silver + Tour Accessory Case 2.0, Black","PFX-PB-M-SLV",219.99,"Pedalboards","Cases & Gig Bags,Pedals & Pedalboards","2017-01-01T00:00:00.000Z"
12,"Pedalboard Small, Black + Club Accessory Case 2.0, Black","PFX-PB-S-BLK",179.99,"Pedalboards","Cases & Gig Bags,Pedals & Pedalboards","2017-01-01T00:00:00.000Z"
13,"Pedalboard Small, Silver + Club Accessory Case 2.0, Black","PFX-PB-S-SLV",179.99,"Pedalboards","Cases & Gig Bags,Pedals & Pedalboards","2017-01-01T00:00:00.000Z"