id,sku,price_usd,category,tags,created_at
33184,M80-AD-BLK,229.99,Acoustic Guitar Cases & Gig Bags,Cases & Gig Bags,2017-10-26T02:57:14.000Z
33186,M80-VEG-BLK,249.99,Electric Guitar Cases & Gig Bags,Cases & Gig Bags,2017-10-26T02:57:14.000Z
33187,M80-EG-BLK,229.99,Electric Guitar Cases & Gig Bags,Cases & Gig Bags,2017-10-26T02:57:14.000Z
34589,M80-VEG-GRY,249.99,Electric Guitar Cases & Gig Bags,Cases & Gig Bags,2017-10-26T02:57:14.000Z
34590,M80-VEB-BLK,249.99,Bass Guitar Cases & Gig Bags,Cases & Gig Bags,2017-10-26T02:57:14.000Z
34591,M80-VEB-GRY,249.99,Bass Guitar Cases & Gig Bags,Cases & Gig Bags,2017-10-26T02:57:14.000Z
34676,M80-AC-BLK,229.99,Acoustic Guitar Cases & Gig Bags,Cases & Gig Bags,2017-10-26T02:57:14.000Z
34677,M80-VHB-BLK,249.99,Electric Guitar Cases & Gig Bags,Cases & Gig Bags,2017-10-26T02:57:14.000Z
34678,M80-2G-BLK,329.99,Electric Guitar Cases & Gig Bags,Cases & Gig Bags,2017-10-26T02:57:14.000Z
34679,M80-2B-BLK,329.99,Bass Guitar Cases & Gig Bags,Cases & Gig Bags,2017-10-26T02:57:14.000Z
34680,M80-TK1-BLK,89.99,Pedals & Pedalboards Cases & Gig Bags,Cases & Gig Bags,2017-10-26T02:57:14.000Z
34681,M80-TK1-GRY,89.99,Pedals & Pedalboards Cases & Gig Bags,Cases & Gig Bags,2017-10-26T02:57:14.000Z
34682,M80-PB1-BLK,149.99,Pedals & Pedalboards Cases & Gig Bags,Cases & Gig Bags,2017-10-26T02:57:14.000Z
34683,M80-PB2-BLK,169.99,Pedals & Pedalboards Cases & Gig Bags,Cases & Gig Bags,2017-10-26T02:57:14.000Z
34684,M80-PB3-BLK,199.99,Pedals & Pedalboards Cases & Gig Bags,Cases & Gig Bags,2017-10-26T02:57:14.000Z
34685,M80-UC-BLK,149.99,Ukulele Cases & Gig Bags,Cases & Gig Bags,2017-10-26T02:57:14.000Z
34686,M80-UT-BLK,149.99,Ukulele Cases & Gig Bags,Cases & Gig Bags,2017-10-26T02:57:14.000Z
34687,M80-K61-BLK,229.99,Keyboard Cases & Gig Bags,Cases & Gig Bags,2017-10-26T02:57:14.000Z
34688,M80-CY22-BLK,189.99,Drum & Percussion Cases & Gig Bags,Cases & Gig Bags,2017-10-26T02:57:14.000Z
34689,M80-DP-BLK,149.99,Drum & Percussion Cases & Gig Bags,Cases & Gig Bags,2017-10-26T02:57:14.000Z
34690,M80-SN-BLK,149.99,Drum & Percussion Cases & Gig Bags,Cases & Gig Bags,2017-10-26T02:57:14.000Z
34691,M80-ST-BLK,79.99,Drum & Percussion Cases & Gig Bags,Cases & Gig Bags,2017-10-26T02:57:14.000Z
34692,M80-SS-BLK,49.99,Drum & Percussion Cases & Gig Bags,Cases & Gig Bags,2017-10-26T02:57:14.000Z
34693,M80-BTY-BLK-L,49.99,Guitar Straps,"Accessories,Guitar Accessories",2017-10-26T02:57:14.000Z
34694,M80-BTY-ASH-L,49.99,Guitar Straps,"Accessories,Guitar Accessories",2017-10-26T02:57:14.000Z
34695,M80-BTY-BLK-S,49.99,Guitar Straps,"Accessories,Guitar Accessories",2017-10-26T02:57:14.000Z
34696,M80-BTY-ASH-S,49.99,Guitar Straps,"Accessories,Guitar Accessories",2017-10-26T02:57:14.000Z
34697,M80-DLT-BLK,39.99,Guitar Straps,"Accessories,Guitar Accessories",2017-10-26T02:57:14.000Z
34698,M80-DLT-GRY,39.99,Guitar Straps,"Accessories,Guitar Accessories",2017-10-26T02:57:14.000Z
34699,M80-DLT-WHT,39.99,Guitar Straps,"Accessories,Guitar Accessories",2017-10-26T02:57:14.000Z
34700,M80-WAR-BLK,39.99,Guitar Straps,"Accessories,Guitar Accessories",2017-10-26T02:57:14.000Z
34701,M80-WAR-GRY,39.99,Guitar Straps,"Accessories,Guitar Accessories",2017-10-26T02:57:14.000Z
34702,EFX-KLR-BLK,229.99,DJ Equipment Cases & Gig Bags,Cases & Gig Bags,2017-10-26T02:57:14.000Z
34703,EFX-365-BLK,229.99,DJ Equipment Cases & Gig Bags,Cases & Gig Bags,2017-10-26T02:57:14.000Z
34704,EFX-KON-BLK,169.99,DJ Equipment Cases & Gig Bags,Cases & Gig Bags,2017-10-26T02:57:14.000Z
34705,EFX-PDR-BLK,169.99,DJ Equipment Cases & Gig Bags,Cases & Gig Bags,2017-10-26T02:57:14.000Z
34706,EFX-FAD-BLK,169.99,DJ Equipment Cases & Gig Bags,Cases & Gig Bags,2017-10-26T02:57:14.000Z
34707,CVL-DCW-BLK,49.99,Wallets,Lifestyle & Gifts,2017-10-26T02:57:14.000Z
34708,CVL-DCW-ASH,49.99,Wallets,Lifestyle & Gifts,2017-10-26T02:57:14.000Z
34709,CVL-PPW-BLK,59.99,Wallets,Lifestyle & Gifts,2017-10-26T02:57:14.000Z
34710,CVL-PPW-WHT,59.99,Wallets,Lifestyle & Gifts,2017-10-26T02:57:14.000Z
34711,CVL-LLT-13-BLK,49.99,Gifts,Lifestyle & Gifts,2017-10-26T02:57:14.000Z
34712,CVL-LLT-13-ASH,49.99,Gifts,Lifestyle & Gifts,2017-10-26T02:57:14.000Z
34713,CVL-LLT-13-WHT,49.99,Gifts,Lifestyle & Gifts,2017-10-26T02:57:14.000Z
34714,CVL-LLT-15-BLK,49.99,Gifts,Lifestyle & Gifts,2017-10-26T02:57:14.000Z
34715,CVL-LLT-15-ASH,49.99,Gifts,Lifestyle & Gifts,2017-10-26T02:57:14.000Z
34716,CVL-LLT-15-WHT,49.99,Gifts,Lifestyle & Gifts,2017-10-26T02:57:14.000Z
34717,CVL-LLT-17-BLK,49.99,Gifts,Lifestyle & Gifts,2017-10-26T02:57:14.000Z
34718,CVL-LPD-BLK,39.99,Gifts,Lifestyle & Gifts,2017-10-26T02:57:14.000Z
34719,CVL-LPD-ASH,39.99,Gifts,Lifestyle & Gifts,2017-10-26T02:57:14.000Z
34720,CVL-LPD-WHT,39.99,Gifts,Lifestyle & Gifts,2017-10-26T02:57:14.000Z
34722,EFX-FLY-BLK,229.99,DJ Equipment Cases & Gig Bags,Cases & Gig Bags,2017-10-26T02:57:14.000Z
35256,M80-EB-BLK,229.99,Bass Guitar Cases & Gig Bags,Cases & Gig Bags,2017-10-26T02:57:14.000Z
35687,M80-SEG-BLK,149.99,Electric Guitar Cases & Gig Bags,Cases & Gig Bags,2017-10-26T02:57:14.000Z
35688,M80-SEG-ASH,149.99,Electric Guitar Cases & Gig Bags,Cases & Gig Bags,2017-10-26T02:57:14.000Z
35689,M80-SEB-BLK,149.99,Bass Guitar Cases & Gig Bags,Cases & Gig Bags,2017-10-26T02:57:14.000Z
35690,M80-SEB-ASH,149.99,Bass Guitar Cases & Gig Bags,Cases & Gig Bags,2017-10-26T02:57:14.000Z
36970,M80-VAD-BLK,249.99,Acoustic Guitar Cases & Gig Bags,Cases & Gig Bags,2017-10-26T02:57:14.000Z
39985,M80-SAD-BLK,179.99,Acoustic Guitar Cases & Gig Bags,Cases & Gig Bags,2017-10-26T02:57:14.000Z
39986,M80-SAD-ASH,179.99,Acoustic Guitar Cases & Gig Bags,Cases & Gig Bags,2017-10-26T02:57:14.000Z
39987,M80-2A-BLK,329.99,Electric Guitar Cases & Gig Bags,Cases & Gig Bags,2017-10-26T02:57:14.000Z
43874,M80-AP-BLK,199.99,Acoustic Guitar Cases & Gig Bags,Cases & Gig Bags,2017-10-26T02:57:14.000Z
44674,M80-DLT-BRN,39.99,Guitar Straps,Accessories,2017-10-26T02:57:14.000Z
45968,EFX-FAD-GRY,169.99,DJ Equipment Cases & Gig Bags,Cases & Gig Bags,2017-10-26T02:57:14.000Z
47158,M80-TICK-V2-BLK,89.99,Pedals & Pedalboards Cases & Gig Bags,Cases & Gig Bags,2017-10-26T02:57:14.000Z
48147,PFX-PB-LP-BLK,129.99,Pedalboards,Pedals & Pedalboards,2017-10-26T02:57:14.000Z
48148,PFX-PB-LP-SLV,129.99,Pedalboards,Pedals & Pedalboards,2017-10-26T02:57:14.000Z
48149,M80-TICK-V2-GRY,89.99,Pedals & Pedalboards Cases & Gig Bags,Cases & Gig Bags,2017-10-26T02:57:14.000Z
48150,M80-PRO-V2-BLK,199.99,Pedals & Pedalboards Cases & Gig Bags,Cases & Gig Bags,2017-10-26T02:57:14.000Z
48151,M80-CLUB-V2-BLK,149.99,Pedals & Pedalboards Cases & Gig Bags,Cases & Gig Bags,2017-10-26T02:57:14.000Z
48152,M80-TOUR-V2-BLK,169.99,Pedals & Pedalboards Cases & Gig Bags,Cases & Gig Bags,2017-10-26T02:57:14.000Z
48153,M80-CY22-ASH,189.99,Drum & Percussion Cases & Gig Bags,Cases & Gig Bags,2017-10-26T02:57:14.000Z
48154,M80-ST-ASH,79.99,Drum & Percussion Cases & Gig Bags,Cases & Gig Bags,2017-10-26T02:57:14.000Z
48155,PFX-PB-LT-BLK,109.99,Pedalboards,Pedals & Pedalboards,2017-10-26T02:57:14.000Z
48156,PFX-PB-LT-SLV,109.99,Pedalboards,Pedals & Pedalboards,2017-10-26T02:57:14.000Z
51849,M80-CY24-BLK,209.99,Drum & Percussion Cases & Gig Bags,Cases & Gig Bags,2018-02-01T02:03:39.000Z
51850,M80-CY24-ASH,209.99,Drum & Percussion Cases & Gig Bags,Cases & Gig Bags,2018-02-01T02:03:39.000Z
53942,M80-STEG-BLK,199.99,Electric Guitar Cases & Gig Bags,Cases & Gig Bags,2018-05-31T18:01:09.000Z
53943,M80-VUC-BLK,169.99,Ukulele Cases & Gig Bags,Cases & Gig Bags,2018-05-31T18:01:09.000Z
53944,M80-VUT-BLK,169.99,Ukulele Cases & Gig Bags,Cases & Gig Bags,2018-05-31T18:01:09.000Z
55531,M80-STEB-BLK,199.99,Bass Guitar Cases & Gig Bags,Cases & Gig Bags,2018-06-28T00:43:55.000Z
55532,PFX-PB-ACC-KIT,29.99,Pedalboards,Accessories,2018-06-28T00:43:55.000Z
55533,PFX-PB-R-BLK,29.99,Pedalboards,Pedals & Pedalboards,2018-06-28T00:43:55.000Z
55534,PFX-PB-R-SLV,29.99,Pedalboards,Pedals & Pedalboards,2018-06-28T00:43:55.000Z
55535,PFX-PB-RP-BLK,39.99,Pedalboards,Pedals & Pedalboards,2018-06-28T00:43:55.000Z
55536,PFX-PB-RP-SLV,39.99,Pedalboards,Pedals & Pedalboards,2018-06-28T00:43:55.000Z
274690,M80-JA-BLK,269.99,Acoustic Guitar Cases & Gig Bags,Cases & Gig Bags,2018-12-31T07:15:33.000Z
444572,CVL-LLT-17-WHT,49.99,Fashion Accessories,Lifestyle & Gifts,2019-03-28T01:18:00.000Z
591988,PFX-PB-L-BLK-BDL,269.99,Pedalboards,"Cases & Gig Bags,Pedals & Pedalboards",2019-05-12T22:30:50.000Z
591989,PFX-PB-L-SLV-BDL,269.99,Pedalboards,"Cases & Gig Bags,Pedals & Pedalboards",2019-05-12T22:30:50.000Z
591990,PFX-PB-M-BLK-BDL,219.99,Pedalboards,"Cases & Gig Bags,Pedals & Pedalboards",2019-05-12T22:30:50.000Z
591991,PFX-PB-M-SLV-BDL,219.99,Pedalboards,"Cases & Gig Bags,Pedals & Pedalboards",2019-05-12T22:30:50.000Z
591992,PFX-PB-S-BLK-BDL,179.99,Pedalboards,"Cases & Gig Bags,Pedals & Pedalboards",2019-05-12T22:30:50.000Z
591993,PFX-PB-S-SLV-BDL,179.99,Pedalboards,"Cases & Gig Bags,Pedals & Pedalboards",2019-05-12T22:30:50.000Z
861944,M80-STAB-BLK,149.99,DJ Equipment Cases & Gig Bags,Cases & Gig Bags,2019-06-25T18:45:53.000Z
861946,M80-STRM-BLK,129.99,DJ Equipment Cases & Gig Bags,Cases & Gig Bags,2019-06-25T18:45:53.000Z
2613601,PFX-SMS-BLK,199.99,Speaker Stands,"Software & Recording,Accessories",2020-01-09T19:16:17.000Z
2613602,PFX-SMS-SLV,199.99,Speaker Stands,"Software & Recording,Accessories",2020-01-09T19:16:17.000Z
2667170,PFX-PBC-L-SLV-BDL,499.99,Pedalboards,"Pedals & Pedalboards,Cases & Gig Bags",2020-01-14T18:48:13.000Z
2667171,PFX-PBC-M-SLV-BDL,399.99,Pedalboards,"Pedals & Pedalboards,Cases & Gig Bags",2020-01-14T18:48:13.000Z
2667172,PFX-PBC-S-SLV-BDL,299.99,Pedalboards,"Pedals & Pedalboards,Cases & Gig Bags",2020-01-14T18:48:13.000Z
3268713,M80-VEG-CAM,269.99,Electric Guitar Cases & Gig Bags,Cases & Gig Bags,2020-05-18T22:16:51.000Z
3769692,M80-FLY-ULT-BLK,299.99,DJ Equipment Cases & Gig Bags,Cases & Gig Bags,2020-07-22T20:16:48.000Z
